product_views;cart_additions;ad_clicks;discount_rate;user_rating;time_on_site;device_type;purchases
476;104;8;0,469484909;3,938120341;12,30534514;Mobile;124,0590801
263;30;32;0,332805073;1,202047352;19,72569623;Desktop;50,28049224
673;69;199;0,132136566;2,998778854;13,28170132;Desktop;126,7216501
442;41;293;0,219347574;4,84615785;14,72846805;Desktop;140,9847661
317;156;220;;2,138555121;2,032117751;Tablet;158,6733661
289;103;284;0,284963907;4,617213189;11,93439299;Tablet;164,1807482
387;124;24;0,428725139;1,604370639;8,65991125;Mobile;110,6836046
153;25;264;0,294950141;1,026409815;6,59937569;Desktop;97,78189383
149;118;42;0,489363075;3,122085541;9,888413364;Mobile;
647;146;265;0,363404545;1,956973232;10,54316991;Tablet;193,9525684
945;140;292;0,494258599;4,516896808;6,87804049;Mobile;221,2584369
532;161;155;0,275374576;3,695688018;10,9423188;Mobile;179,0971934
930;31;162;0,339224594;3,747561415;9,132564511;Desktop;126,8097318
197;114;151;0,368949286;3,693121611;13,51219437;Tablet;144,9381182
974;101;168;0,377373517;3,715830683;11,1378742;Desktop;
607;;246;0,012214814;3,988459426;11,87961679;Mobile;181,8212561
756;141;88;0,06373716;3,679550613;14,89693984;Mobile;149,1898214
108;191;88;;4,337101102;12,7747793;Tablet;
623;14;290;0,135747245;3,232488548;9,969578037;Desktop;124,0507054
413;95;255;0,452684095;2,402752895;1;Desktop;159,7128256
903;143;164;0,361301612;2,867388687;12,56863997;Tablet;187,161489
802;26;64;0,071640805;2,760940128;5,440383489;Mobile;79,72943981
871;133;286;0,213177517;2,330025219;9,568810876;Desktop;194,3479675
895;53;264;0,121560773;2,66187249;11,85523493;Desktop;145,0870943
734;24;101;0,414931823;2,539947007;;Mobile;100,4641841
282;134;164;0,458898493;1,444561123;19,21161401;Tablet;146,8856621
318;91;128;0,082145068;4,322209204;5,393908566;Tablet;112,9760613
866;87;253;0,208285391;4,025862925;3,420685618;Tablet;175,3656153
621;71;207;0,476418493;2,350154929;11,62858585;Mobile;142,1101709
897;140;150;0,328544721;4,780528156;11,21213877;Tablet;183,4930026
805;127;290;0,434048434;4,797450163;3,99062061;Desktop;204,3455414
626;136;184;0,178846866;4,426878898;9,91698499;Desktop;177,6526786
194;159;147;0,104851183;1,117491355;12,98770473;Mobile;127,5153543
983;125;278;0,345651864;2,484871977;3,849241389;Desktop;203,8260684
280;24;137;0,068713167;2,829346267;5,027073039;Tablet;
283;39;128;0,419950948;3,87486513;6,779200323;Mobile;102,8329122
188;198;119;0,377418578;3,539249338;8,938698755;Desktop;170,9735925
115;64;69;0,152453318;3,713514454;13,46985753;Desktop;85,25406619
;91;87;0,24935576;4,068853655;8,367596632;Desktop;122,2907101
851;81;31;0,39959695;4,793741716;10,27658413;Mobile;134,6356647
872;198;219;0,46745516;3,206033469;21,23088915;Mobile;225,2406346
516;166;179;0,176080248;4,616169858;5,218448587;Tablet;185,1315147
348;101;280;0,394995909;4,25927554;6,735033013;Desktop;162,4349392
379;139;185;0,097233541;2,351696993;13,39044437;Tablet;132,0705876
922;114;28;0,45177007;4,254681869;;Desktop;144,7631071
102;132;188;0,343125005;1,469381088;12,07400437;Desktop;126,3352494
;191;56;0,07636966;1,635038496;19,04483784;Mobile;128,776637
111;137;15;0,369914461;4,969513942;11,58727967;Desktop;132,6243587
893;;200;0,362028836;;1;Tablet;121,7254104
136;105;13;0,371148728;2,842472096;10,48497844;Mobile;91,80552033
944;165;125;0,172438709;4,804123471;7,14508188;Mobile;188,50219
224;17;269;0,369900125;2,447359145;16,91905874;Mobile;113,6512427
;77;80;0,413285028;1,94786639;14,82312032;Desktop;110,9462078
971;48;210;0,173564455;1,31128695;2,051546118;Mobile;132,9438112
160;146;116;0,103978833;3,090479209;16,75159032;Tablet;125,2760505
317;36;38;0,443939961;1,798756572;14,69683884;Mobile;87,14627295
741;128;63;0,310347032;1,259224139;8,377689354;Desktop;137,0239427
826;22;27;0,230193585;4,252277838;9,607790528;Mobile;93,21029133
911;185;49;0,439871953;2,314387665;16,96088521;Desktop;183,5329093
68;70;52;0,068002822;3,317560728;1;Tablet;
788;87;265;0,405292303;1,418582559;12,22699003;Tablet;169,229579
355;159;243;1,677047199;3,022330532;15,46704818;Tablet;168,9837516
579;82;109;0,021262131;3,52736045;9,556434846;Desktop;101,3957403
910;31;;0,486306343;2,799454444;13,23954907;Desktop;143,4855711
907;181;65;0,389033371;2,349927266;10,51577268;Mobile;185,1807008
225;31;;0,107377912;2,243820138;6,079803651;Tablet;79,64209217
497;104;64;0,46184779;1,437535012;5,954849913;Tablet;121,4580023
319;33;194;0,467672779;1,462764839;13,55964634;Tablet;97,19994619
634;142;110;0,4002328;2,982784652;6,821466372;Tablet;165,6210264
835;61;258;0,063585217;;2,377095308;Mobile;138,3031036
352;187;251;0,093190667;1,893803368;10,61199346;Mobile;176,5883911
165;48;103;;1,65927069;7,434592895;;81,58428505
111;137;17;0,456902885;4,209937445;4,004459374;Mobile;114,7774011
100;12;100;0,107509069;2,798868271;10,35873717;Tablet;44,6612019
398;31;88;0,230413918;3,210358126;13,8363837;Desktop;81,34616776
967;62;130;0,07739698;3,331832592;10,10075032;Mobile;129,457761
289;177;174;0,239003921;2,585539491;4,66879572;Desktop;165,9166665
434;199;296;0,321264565;2,193724203;12,40901781;Desktop;
691;126;23;0,009277444;2,52978204;15,17578191;Mobile;120,5072524
674;73;;0,321463596;3,13929279;21,06517082;Tablet;144,7801185
306;69;55;0,319874964;2,434309042;17,20922015;Tablet;90,24287834
170;50;166;0,227504243;1,546463698;4,973208049;;87,853171
198;74;192;0,447701131;4,654747769;14,29041369;Mobile;131,3485661
259;104;243;0,067409509;3,929624968;11,2826196;Tablet;137,0653307
131;140;170;0,025655915;1,265079442;4,239504196;Mobile;119,429965
486;53;57;0,24791558;4,622799801;11,41897606;Tablet;107,3679971
663;16;274;0,26651726;1,68186076;19,59338349;Tablet;124,220887
691;116;124;0,133344593;1,390920734;15,97932105;Mobile;136,6956876
913;56;146;0,480813853;1,692867591;4,932750969;Mobile;133,5795914
328;86;194;0,12686362;4,732135623;10,06858608;Tablet;124,719842
672;145;83;0,135080914;1,88517711;12,45837215;Mobile;142,0734457
890;180;296;0,405493227;4,147967703;1,350481992;Tablet;241,0682747
76;111;18;0,461411838;3,572152901;1,522811182;Tablet;112,6006595
792;186;50;0,268069873;;10,77313922;Mobile;160,1820832
133;61;297;0,009526993;2,462374549;10,83837525;Tablet;122,6540014
573;145;138;0,177717441;1,371736424;1;Mobile;146,6794889
839;196;268;1,677047199;;11,93986763;Desktop;224,1002299
486;50;272;0,255509024;2,579125899;15,43481352;Mobile;122,2148415
581;150;297;0,341285895;3,139944561;8,908491656;Mobile;195,9203375
638;100;219;0,196218143;1,207047264;10,29905893;Tablet;146,6902889
598;177;206;0,26867999;4,103751319;;Mobile;188,9647232
745;68;186;0,379930157;3,769086052;12,19514638;Tablet;133,0698959
866;192;206;0,123073504;3,11720148;1,656887489;Mobile;204,0828981
178;161;80;0,097983949;2,985229712;5,474394039;Tablet;125,5238721
445;143;245;0,402817473;2,348123046;8,020732819;Tablet;182,6402476
860;15;60;0,018511812;2,369615582;5,695864746;Mobile;75,0436626
412;25;146;0,075298292;1,273863675;17,33484249;Desktop;73,73412325
514;135;115;0,006178373;3,746854375;13,17237969;Desktop;140,048816
755;100;229;0,277692397;1,17989179;;Desktop;158,9468183
938;71;80;0,300042866;1,005675117;8,928321211;Mobile;115,7796088
289;169;65;0,265515347;1,123924743;15,65196069;Tablet;137,1330809
957;101;243;0,207134515;1,813789887;6,768803043;Tablet;164,4438863
724;97;148;0,264514562;3,280782859;14,25791927;Desktop;145,4380423
79;71;217;0,096968901;3,724636804;16,91589845;Desktop;498,9097644
868;196;264;0,413121362;2,68295353;16,08070482;Mobile;234,104588
;79;251;0,490386502;2,634554796;10,90202072;Tablet;150,8238757
318;59;122;0,270311441;3,307143553;16,25512499;Desktop;96,0740257
549;138;55;0,187177769;3,387310272;7,388809917;Mobile;125,1330473
597;16;288;0,395891358;4,379990335;22,42940669;Mobile;138,4476803
562;123;96;0,096535966;4,276352661;11,20424771;Mobile;140,9854106
102;117;231;0,160386783;4,294104818;15,73397081;Tablet;143,1117475
831;56;231;;4,376691191;8,189955705;Mobile;163,1621311
374;156;135;0,093147086;4,519321948;12,49707267;Desktop;152,1685385
184;18;53;0,056057789;3,221267152;12,7173174;Tablet;50,52646616
587;196;144;0,273176848;3,380668656;;Mobile;182,2773129
641;172;47;0,293708668;3,908903989;5,20778315;Mobile;166,1017408
148;43;108;0,298575052;1,796030222;8,977487218;Tablet;79,53818473
945;103;118;0,082239115;2,44184412;15,52666272;Tablet;138,4475151
620;47;157;0,360572364;4,650611922;1;Mobile;
996;127;59;0,121140564;3,091049722;8,185753902;Mobile;138,8481049
686;76;254;0,474051275;1,207150472;16,54936311;Desktop;155,393492
59;102;28;0,113978589;2,622239138;3,839353033;Desktop;78,07843412
247;191;295;0,00865574;1,643156813;16,26950332;Desktop;183,4216859
973;127;97;0,283922597;2,425147447;;Mobile;157,3147568
581;174;149;0,101423937;3,179903841;5,41729193;Desktop;171,7057678
166;129;1013,726581;0,314286913;3,020545607;9,263891111;Mobile;155,1876002
120;100;;0,11460668;2,961876121;19,36729534;Tablet;106,4459406
560;12;21;0,214042182;1,07335579;6,799964018;Desktop;53,82120285
614;26;183;1,677047199;2,780419513;1,335186058;Desktop;99,80726247
284;111;172;0,214405679;1,115855069;2,990319763;Desktop;121,4527788
235;105;;0,068260169;2,619443103;14,65974095;Desktop;139,0559506
626;105;171;0,168986529;3,587999644;3,226298575;Desktop;142,1796835
463;170;297;0,099465808;1,503617833;15,93982288;Mobile;180,016724
85;28;161;0,408050936;4,667090963;10,34895411;;89,59117782
104;135;61;0,364677042;3,52204596;9,838643867;Mobile;111,7449179
276;151;154;0,083409699;1,870394542;11,48652123;Mobile;134,2388148
585;;275;0,041452276;2,576350671;5,995398321;Tablet;162,0778916
335;54;10;0,012872303;1,387629053;10,68935961;Desktop;59,79987427
64;87;;0,113335898;1,088253151;4,034635016;Tablet;498,9097644
919;20;18;0,240088683;4,663445921;16,74445465;Desktop;98,00120322
708;43;253;0,199941598;3,700736203;4,86352385;Tablet;147,0945496
604;162;155;0,485749516;4,118584406;12,19440317;Mobile;187,385606
;127;216;0,396122823;3,488691391;4,826248489;Desktop;158,5184825
722;174;290;0,039093341;4,62706211;7,333977068;Desktop;209,0551092
948;141;250;0,079466191;4,583675284;8,130839829;Mobile;198,1273673
692;55;125;0,013299526;1,23263421;24,9067399;Mobile;94,37628465
330;164;280;0,069113181;1,757879934;9,927769566;Mobile;162,6963546
;140;;0,264708574;2,583159577;5,892351015;Mobile;149,9040657
932;46;293;0,038369018;2,364358218;7,777221941;Desktop;133,1776572
63;10;294;0,029933974;3,102290126;2,476637241;Mobile;88,36695464
260;155;70;0,059080752;2,066127207;9,186070393;Tablet;116,7442881
151;147;234;0,334706823;4,189836472;19,25543332;Desktop;
659;27;210;0,009679062;1,029975393;11,68019765;Tablet;92,62381049
485;98;232;0,48481305;4,16605233;14,51700475;Mobile;
176;183;54;0,190393132;2,573481106;5,450281801;Mobile;135,2771438
944;160;153;0,168293681;1,020540035;8,983289154;Tablet;170,6070232
574;165;49;0,237406417;4,388257076;11,01951318;Desktop;154,1640431
286;84;269;0,258930897;2,787017989;6,373465848;Tablet;136,8781957
948;33;262;0,210006694;3,898906572;12,00003368;Mobile;159,4795718
713;76;176;0,24316294;4,513794898;13,07714208;Mobile;138,2993939
173;140;43;0,16986695;1,137250972;12,71424025;Desktop;108,1154373
835;169;198;0,16100371;2,048648207;9,244583613;Desktop;187,9084113
106;132;134;0,013657633;1,475566361;59,38535326;Mobile;115,4052278
911;17;237;0,335900267;1,392040642;8,711912807;Mobile;129,2217418
423;122;34;0,30863599;4,782564367;8,255896061;Mobile;129,1370259
328;45;124;0,334410189;4,222277517;17,20769504;Mobile;108,3528047
100;125;111;0,470527527;2,45890064;59,38535326;Tablet;127,1162405
934;88;286;0,23654237;3,749172171;1,485155396;Tablet;182,396275
581;111;92;0,440885217;4,677781095;5,660918419;Mobile;156,0903555
627;123;296;0,221971623;1,883253975;;Desktop;174,2210719
857;131;276;0,238807014;1,05660295;16,41795507;Desktop;
532;10;178;0,316476259;4,296433365;6,697407459;Mobile;101,9566612
325;;56;0,1079507;3,890793317;19,0741876;Desktop;152,9616224
789;119;70;0,108678061;1,641029102;10,13598677;Tablet;123,2118052
553;106;10;0,254915922;2,958583382;9,422352264;Desktop;109,3819234
276;81;233;0,034304909;1,64173554;5,750309296;Tablet;106,5611103
852;29;219;0,118329025;3,410455447;19,75677584;Desktop;128,3861016
821;129;100;0,396706077;3,590279781;9,24855561;Desktop;160,5007795
284;79;220;0,231866714;2,10673083;3,340059869;Tablet;113,7273313
667;182;175;0,013310967;4,123348508;22,28834334;Tablet;177,3072481
924;135;245;0,030370709;2,894385396;11,96835047;Tablet;177,0318557
809;93;30;0,459757689;3,825431645;13,99415225;Tablet;134,0629538
238;16;63;0,478359224;3,559244726;18,4078011;Mobile;77,31222818
862;115;243;0,320551919;2,803035728;13,07231291;Tablet;179,7418894
103;170;114;0,092472554;2,170869048;14,87444679;Tablet;131,7669716
3355,420177;97;287;0,184043104;1,817217615;10,27162536;Desktop;159,2684684
535;133;264;0,152733528;3,98377613;13,66866144;Desktop;178,6749208
84;32;32;0,39257816;3,567773908;9,829210927;Tablet;55,51157577
739;87;124;0,268544843;2,123767713;9,898949571;Mobile;124,6498588
332;160;220;0,389828274;4,868396691;10,59858378;Desktop;188,2676892
859;90;45;0,180255305;4,241355723;8,01592427;Tablet;129,028198
884;178;258;0,434755732;1,507209044;12,52188918;Mobile;220,2106855
610;87;33;0,214581187;1,650253653;12,50922588;Mobile;93,11116208
645;164;37;0,208687034;3,176191243;14,094583;Mobile;146,9989934
99;132;165;0,244549219;1,409518202;13,19803258;Mobile;123,0629555
895;190;77;0,295902877;4,857352021;20,00021526;Desktop;197,0647444
697;111;193;0,447055927;3,55209362;15,2631487;Tablet;170,7689662
415;98;120;0,228877772;1,264696147;8,963740548;Mobile;114,7591323
131;77;84;0,465068119;2,773942921;12,26535752;Desktop;
;133;251;0,196834168;1,887873915;17,06349057;Mobile;
;196;52;0,162286347;2,961802944;5,250134055;Tablet;185,5543919
869;41;;0,147522804;;20,07120897;Desktop;107,6842873
143;187;54;0,010576002;4,327184617;6,126802831;Desktop;134,4529595
773;195;45;0,42457197;3,884396839;14,50137697;Tablet;191,2406918
127;156;65;0,039616869;4,626312607;10,0330022;Tablet;126,3923466
408;120;80;0,167165676;1,791830459;9,745338;Mobile;112,6527518
474;;126;0,125228393;2,541568949;3,485435632;Mobile;155,9921324
71;59;142;0,372218367;4,221866188;14,53750047;Mobile;94,70670777
180;130;45;0,466293588;2,495386403;3,558209074;Desktop;119,0517229
886;163;16;0,408354892;2,516353532;2,786148836;Tablet;154,9766086
647;163;32;0,159999165;4,944153774;15,79851509;Desktop;157,0904734
797;121;191;0,227878672;4,083452748;18,94802798;Desktop;166,6762104
592;83;292;0,123518448;4,443270047;6,663771169;Tablet;159,3738156
476;190;12;0,461990096;2,627891344;15,01554612;Tablet;160,5364941
67;138;15;0,059372287;3,343674092;13,98263177;Mobile;96,81456745
568;156;235;0,475977228;2,802214282;9,542406524;;189,0044091
782;128;218;0,406828414;;16,67908441;Tablet;181,6633595
244;176;221;0,355788856;1,510796543;;Desktop;176,5669728
516;100;56;0,386996828;4,368531406;12,58767073;Mobile;127,3282235
441;113;260;0,169673403;2,562169735;3,731150583;Mobile;152,3247844
877;162;188;0,147943254;3,327297576;3,944851849;Mobile;184,0941917
205;108;51;0,190710433;4,428287384;;Desktop;112,8136165
;56;39;0,090806624;4,093909012;12,75602606;;69,97463275
250;153;182;0,373180043;1,792951908;9,28771562;Desktop;150,1326632
198;81;234;0,237521919;3,474045462;19,539226;Tablet;128,4358721
854;29;235;0,442904979;2,982924357;19,48657836;Mobile;142,0033692
297;80;178;0,439190755;14,5257104;12,19584;Tablet;130,7950753
394;20;157;0,077926939;1,163431614;2,721724409;Mobile;70,86223994
294;176;210;0,109409134;3,519165232;9,44200506;Desktop;161,7967389
823;196;43;0,205320113;4,119419659;5,83709085;Desktop;181,6899792
680;60;112;0,05940723;4,766873647;10,44756795;Tablet;123,1799237
500;184;34;0,344716942;2,419935035;5,318514167;Tablet;159,6520282
808;145;252;0,368797828;2,596868606;4,018870378;Desktop;189,6114532
117;191;183;0,360675179;1,652022522;1;Desktop;
694;40;234;0,235105157;4,938464093;10,83628657;Tablet;138,8777911
393;21;151;0,421608111;4,398347985;1;Tablet;103,4294012
410;184;;0,302922873;4,830414916;;;210,3429072
200;61;279;0,496805888;2,981388553;13,47198487;Tablet;135,6739306
142;123;186;0,407719109;1,839125537;6,389521564;Tablet;131,4424161
708;181;250;0,361129408;3,292738215;4,575857435;Mobile;215,6367489
3355,420177;75;199;0,061651401;2,488367663;9,660765212;Desktop;131,0226545
915;27;218;0,416300019;2,391457723;5,856972358;Tablet;132,1974041
281;160;77;0,152786108;1,329457136;10,92828961;Mobile;119,1805149
774;;294;0,209457148;1,292596859;4,835850672;Tablet;165,4804889
155;14;59;0,231380142;2,515194212;9,477530369;Desktop;52,17508776
789;74;209;0,165655264;4,704794176;8,267896391;Mobile;155,3010418
587;110;184;0,0542194;3,892094842;9,942391922;Desktop;140,3897163
868;177;32;0,099681924;4,042234321;18,17575797;Desktop;159,047778
114;52;233;0,401733227;1,937162706;10,99905437;Mobile;106,9528756
787;108;27;0,326135066;3,938118444;12,52222061;Mobile;135,0870812
493;44;155;0,471420745;2,625276506;6,876034581;Tablet;116,0805048
590;65;245;0,410534177;1,237562442;11,11628209;Tablet;130,4141911
561;60;41;0,201110113;2,57925427;8,625982799;Tablet;92,4580296
728;109;111;0,393103075;1,52501515;10,1482802;Desktop;136,9238638
619;136;154;0,288214596;4,414797852;13,24472785;Tablet;164,3221136
445;31;277;0,143150541;4,361176258;7,498830799;Desktop;128,7318391
463;24;117;0,487544657;2,149875713;8,00977282;Tablet;83,56160445
117;148;39;0,464245497;3,447689211;7,567926654;Tablet;130,4700237
738;65;43;0,056099227;2,455038873;7,471401783;Desktop;
720;;63;0,419710741;1,616904697;10,86617615;Desktop;138,1627533
588;24;260;;3,597629246;8,180090373;Tablet;111,9133017
735;124;233;0,464409597;4,040426573;17,48978182;Mobile;196,6268249
305;182;128;0,312083021;4,098890964;23,39581356;Mobile;180,102805
262;93;255;0,083291122;1,596882344;7,160288574;Desktop;128,788626
928;119;275;0,408631218;3,050314074;11,47001429;Mobile;207,159491
956;65;260;;1,095597429;15,19003788;Tablet;148,7348773
860;64;6;0,029774937;1,360677991;8,67125469;Mobile;77,45884196
99;22;34;0,399213692;1,324204612;5,028044303;Desktop;49,57140457
571;101;219;0,394169094;1,228763174;18,69086656;Tablet;154,5956504
749;189;117;0,241029973;2,335077396;13,43078647;Desktop;171,1462138
85;32;51;0,365554833;2,430718403;11,59345226;Tablet;57,40839466
970;89;195;0,020074165;3,791481368;17,252612;Desktop;149,6094008
797;169;109;0,159053298;2,319518885;13,85116587;Desktop;168,8681937
343;104;276;0,336611191;1,561583217;9,76032482;Desktop;151,1026059
531;154;175;0,115302863;4,787502524;5,116845671;Tablet;164,8885365
916;81;75;0,22520569;4,501905616;7,533341278;Tablet;136,7222027
860;124;280;0,465973379;1,496903022;16,02411603;;187,6615698
835;197;182;0,413375889;2,4511148;13,41042827;Desktop;208,7832872
984;123;92;0,278998274;1,672338604;9,066666903;Tablet;145,9943271
756;161;47;0,288358165;4,83644571;18,83281597;Desktop;167,4322293
938;141;168;0,443503009;2,423910368;9,213893568;Desktop;182,2136453
956;;225;0,431529551;1,392469708;14,9375898;Tablet;140,2844602
68;40;251;0,044148367;3,907375953;11,10019524;Desktop;96,3233823
671;125;42;0,23278869;3,846870065;19,66476519;;136,1565476
367;76;132;0,095426827;1,964137823;13,76522744;Mobile;107,559175
520;102;299;0,041609879;2,285847404;10,23079741;Mobile;153,2492516
209;101;199;1,677047199;2,66007559;9,105992606;Tablet;120,4300945
691;160;32;0,305321903;2,070800007;9,923137495;Tablet;144,6437322
843;198;275;0,39718516;2,155550833;6,373013644;Desktop;221,5184505
441;199;207;0,456238185;4,206361568;3,166484312;Tablet;206,7809461
713;25;140;0,211478067;4,007402421;11,54367695;Tablet;109,4533509
;151;234;0,211161537;3,770516848;7,332407433;;160,7720219
762;;196;0,076626274;3,747094227;7,319123912;Tablet;167,2787796
128;174;81;0,097420642;3,087527723;9,555798817;Mobile;128,2837366
886;91;239;0,051247445;;10,26111719;Tablet;147,716006
409;105;80;0,487950273;3,882179782;10,03688006;Mobile;133,978388
529;95;72;0,063798718;1,46547095;18,69147676;Tablet;101,6471986
813;80;180;0,378321225;1,564282021;13,31189734;Mobile;
78;56;10;0,158882145;1,505060832;20,53907789;Tablet;
948;132;190;0,2685739;3,930872207;7,805048151;Desktop;182,3389994
633;13;167;0,436355106;3,366163537;13,91860322;Mobile;111,360909
976;152;217;0,468083726;2,800641517;8,082937297;Desktop;201,3991197
573;169;51;0,120115159;2,904925366;7,19434071;Tablet;146,0229174
246;53;176;0,455634702;4,310237309;20,72771313;Mobile;120,7852337
603;50;;;1,486719116;6,159258653;Mobile;90,50815736
592;105;56;0,402398601;2,532977121;1;;125,4095188
924;170;138;0,007625188;4,040664822;6,460253454;Mobile;179,8414995
596;31;277;0,267615738;3,631357482;;Tablet;133,7426338
435;92;248;0,362906343;2,740586886;5,243377495;Desktop;151,3131819
217;51;54;0,419469484;1,897364839;5,706670896;Tablet;74,57503581
359;171;254;0,420564443;4,785764853;10,17640882;Desktop;204,0429106
602;177;171;0,149433917;2,631677451;1;Tablet;176,1453615
400;25;18;0,426574805;4,511340016;15,97976113;Mobile;77,96051848
394;37;276;0,161823514;4,11132192;1;Desktop;116,4343001
63;39;160;0,116883684;4,446120132;9,361245887;Desktop;80,42015122
945;;274;0,000736635;1,067687977;8,379225945;Desktop;182,9049545
844;181;34;0,117857628;2,909565712;14,1267518;Mobile;162,3934177
292;80;54;0,059219412;2,037735307;11,75771637;Desktop;85,64321838
180;39;271;0,337468301;2,096085421;15,93436461;Tablet;118,7550089
843;136;75;0,072393814;2,079361289;8,19273354;Mobile;134,5390634
844;179;167;0,292691759;2,557254687;7,676266352;Tablet;197,2225093
902;182;182;0,06323388;2,642818465;12,06395493;Tablet;190,5046862
570;94;284;0,352209266;3,536160993;15,1460094;Mobile;157,1261675
749;158;104;0,142772751;2,201458209;14,12534548;Tablet;155,1464774
743;191;227;0,154348194;2,091108585;11,60907107;Desktop;195,1654444
253;166;220;0,320192658;2,442432811;11,16331251;Desktop;175,0422177
547;100;211;0,469472662;3,746057972;9,818554381;Mobile;158,3810058
297;59;159;0,495800525;1,000684702;12,04965082;Mobile;109,9637366
766;80;25;0,178631806;3,987711829;20,17467222;Mobile;113,652175
972;78;83;0,473163287;2,355875008;8,787133092;Mobile;133,2872077
122;197;170;0,306160734;3,304959093;8,177549193;Desktop;168,4896605
122;149;126;0,453234288;4,046089169;7,79472067;Tablet;157,1297896
301;173;59;0,013926074;3,043340671;11,94686379;Tablet;129,5908407
161;157;208;0,016586426;3,588604994;1;Mobile;151,5516816
58;;141;0,037286989;4,679762921;9,324691484;Desktop;111,5509046
979;160;236;0,402196501;1,11946509;14,40323426;Mobile;201,0561547
603;131;166;0,068978239;2,398115345;7,368846031;Mobile;138,6092609
788;150;114;;4,707416637;10,93352315;Desktop;160,4859691
587;67;37;0,292699951;4,349719319;20,54667732;Mobile;115,9465971
759;54;35;0,478722931;3,467311925;11,65799937;Tablet;115,1471932
701;44;154;0,283556244;1,917211806;1;Mobile;103,0447656
;64;109;0,3662979;2,322132152;2,950578167;Mobile;98,29041624
192;195;216;0,093867132;4,431825505;8,744983743;Tablet;169,0927261
514;188;190;0,457087027;3,793085829;5,980870459;Mobile;195,9872463
402;37;88;0,027938324;2,142600919;10,51691603;Mobile;69,76808427
848;115;229;0,141409504;1,528982007;8,527119889;Tablet;173,8701926
340;188;;0,226862096;4,123081336;15,83035766;Tablet;182,8215526
362;153;264;0,113086077;3,304898719;4,543342764;Tablet;167,6211831
552;;286;0,331880407;4,85375276;8,962503089;Desktop;189,7006059
233;123;288;0,339396217;2,625964709;11,08629244;Desktop;166,5568097
865;71;42;0,105929009;2,396107855;11,70567222;Tablet;112,7068734
60;185;161;0,004295634;2,163024572;10,73402629;Tablet;138,5651097
855;25;13;0,037158624;;1;Desktop;73,35244928
641;175;264;0,000213943;2,29091857;59,38535326;Mobile;180,7066935
893;175;212;0,452696858;1,292762399;9,246228136;Tablet;207,8990711
329;59;82;0,310832848;2,248516232;14,32054876;Tablet;95,69613838
905;107;184;0,069217638;1,875543733;13,61485154;Tablet;140,0566611
870;178;1013,726581;0,046256461;4,261539985;11,20422255;Desktop;189,2569152
483;100;;0,408797432;1,942370133;11,56582064;;132,3910742
319;67;164;0,405519798;;16,7619155;Tablet;119,1341476
237;23;295;0,46368982;;15,75148054;Desktop;119,3746728
;93;231;0,079636741;1,596907491;11,37666001;Tablet;108,8533352
603;62;123;0,26113738;3,125129938;20,72709144;Tablet;122,1228242
962;171;233;0,060738028;4,388747807;6,859018377;Mobile;205,0385716
587;173;46;0,397819782;3,336323007;4,07278446;Mobile;161,7303518
966;71;89;0,206242392;2,929545756;9,945809966;Mobile;129,712855
767;49;39;0,347912778;14,5257104;8,130950689;Desktop;115,4904067
700;65;266;0,015156841;4,78900771;;Tablet;143,4099164
738;86;12;0,388965499;4,283941598;6,73809595;Tablet;121,8602195
931;137;267;0,114743142;2,633637794;11,71792577;Mobile;186,566806
865;38;250;0,421402179;3,446772355;9,709861271;Mobile;156,9325013
203;199;284;0,092929242;3,10656678;6,117692942;Tablet;186,9003896
605;143;230;0,395048619;2,213234491;;Mobile;178,1342746
487;34;140;0,067052866;2,741280516;10,6153624;Desktop;89,42506427
885;69;244;0,331708619;4,317067118;13,57537192;Mobile;176,2345747
243;143;296;0,389629363;2,201919371;6,792496772;Mobile;174,3917304
828;105;268;0,193116426;4,558228228;;Desktop;180,0366547
504;110;236;0,122166307;4,965717277;4,546785129;Tablet;168,5065728
935;17;231;0,172263797;2,227069183;7,483115404;Tablet;128,5958555
801;88;197;0,148295829;1,490952219;18,49496601;Desktop;146,0931742
377;126;268;0,316533315;4,828697395;4,880611162;Desktop;173,4047801
852;152;132;0,022280872;1,684260639;6,706163437;Tablet;152,2068242
228;94;152;0,020718193;4,085855236;3,734444697;Desktop;101,467858
53;115;253;0,14388629;1,156453915;5,863668083;Mobile;129,1375353
531;52;82;0,138486681;1,942260394;10,69181579;Tablet;87,03980334
420;161;230;0,088535119;2,040621244;13,53271146;Mobile;154,4786939
169;142;37;0,358407473;14,5257104;9,906809332;Mobile;122,7149932
994;151;177;0,011881462;4,677215041;8,376550754;Mobile;183,7310486
87;136;15;0,462117385;1,701238837;3,786130569;Desktop;106,2702743
609;197;299;0,378743413;1,694555856;6,364347724;Mobile;209,2315382
297;177;253;0,201478851;3,766699747;2,269821006;Desktop;185,5454156
331;164;78;0,42946721;4,809268428;13,68279812;Desktop;
250;73;49;0,309076759;2,557137434;14,03036599;Mobile;88,20262394
419;22;194;0,285114781;;9,797762003;Desktop;104,3568987
684;10;270;0,15650893;1,12414357;12,20725492;Desktop;120,9992281
356;158;99;0,331552337;4,296254875;14,38116287;Mobile;150,0801688
735;180;288;0,069847356;3,893587604;10,50604444;Tablet;204,7537253
475;133;140;0,262449647;4,586462607;16,96805342;Tablet;
;147;135;0,05805503;3,549817134;4,881036519;Tablet;156,3177412
472;27;104;0,222573471;4,765346577;8,25664886;Mobile;88,24003672
397;117;84;0,308135605;2,559429638;7,66128916;Desktop;129,7776506
531;125;103;0,077751719;3,930125779;13,23619047;Desktop;137,5377925
702;39;56;0,111059806;3,902256833;;Mobile;93,56789369
491;152;116;0,406628863;2,074431443;17,23987304;Tablet;157,0867119
910;73;90;0,127856434;4,682318156;12,8088719;Desktop;127,6245327
540;47;21;0,047778029;4,116707165;18,75147236;Desktop;
331;142;111;0,165345061;4,465407134;9,797143933;Tablet;140,928629
76;92;16;0,46756997;2,450364003;7,248403505;Mobile;
422;;58;0,346891281;4,365019134;13,28553045;Desktop;130,8274996
101;113;218;0,28771716;2,259905843;;Tablet;
83;128;12;0,420209811;4,8576042;6,427895798;Tablet;120,4390123
402;88;96;0,330093625;1,095788545;1;Desktop;96,99109373
325;164;206;0,405572724;3,476750189;1;Desktop;175,6102779
890;176;11;0,328578501;1,448958045;11,30692463;Mobile;153,7941659
743;101;222;0,43212891;3,874932693;17,70094694;Mobile;170,5156864
801;42;29;0,312004088;2,454753215;3,49580667;Mobile;104,7064825
568;62;21;0,132437435;4,482562374;8,638168284;Tablet;86,1451297
154;;62;0,020559071;4,490810044;8,257752239;Tablet;118,3118087
858;58;258;0,052660123;2,472359494;19,60266034;Mobile;143,0070785
520;157;19;0,256222893;4,239927108;21,29347877;Mobile;142,0901143
457;135;34;0,48588419;3,724547509;12,12226344;Desktop;142,0569621
624;95;284;0,379730843;2,706267715;14,49000183;Tablet;176,6146291
205;34;184;0,387721335;2,372945776;14,35099497;Desktop;100,0090344
507;112;;0,331893561;1,841219726;3,598392152;;139,5672041
625;141;16;0,451744066;1,252833811;13,49261508;Desktop;134,4820365
712;39;;0,36772966;3,069437474;4,901967643;Mobile;116,1768972
525;166;175;0,129181705;3,160162148;9,142320855;Desktop;170,5990769
997;47;162;;2,776074634;15,69868523;Tablet;133,7910625
990;88;158;0,202171498;4,802388719;10,40466663;Mobile;162,0640302
141;111;38;0,082695409;1,054760469;15,51248221;Tablet;82,91773322
128;150;296;0,111188532;4,40121984;16,49631721;Desktop;169,3540248
539;52;212;0,142578394;4,203285788;1,215331523;Mobile;
836;73;76;;4,035009577;1;Mobile;121,8291175
536;163;291;0,1086542;3,09966125;15,81046227;Mobile;190,4710398
256;72;93;0,458196681;1,761421513;16,01203685;Tablet;90,3132467
584;127;43;0,171619604;4,451517475;11,28297308;Tablet;129,1376873
945;85;268;0,413758345;14,5257104;11,96108008;Desktop;182,7225603
208;20;50;0,032194972;4,331284858;14,46523849;Desktop;54,10703996
473;107;22;0,490904695;1,943150293;14,37204456;Desktop;123,2679153
656;77;190;0,382395871;3,217499972;8,479080087;Desktop;161,3668309
423;60;82;0,453358034;2,663836956;14,77925118;Desktop;92,72090668
92;173;49;0,262955686;3,558685741;;Mobile;134,1900082
686;;35;0,317268959;4,010430774;59,38535326;Tablet;
754;;42;0,180409515;1,694861474;11,00011228;Tablet;94,79234539
672;109;288;0,21601561;1,696152928;5,702804507;Tablet;168,2665233
680;146;202;0,375371407;1,174427504;6,285063569;Mobile;173,4181579
673;20;253;0,02498432;1,628740153;21,17054438;Desktop;103,9528013
363;27;187;0,018275668;1,960692919;5,540571236;Mobile;80,46751842
65;112;165;;1,290074316;11,84979633;Desktop;124,5412107
989;186;;0,05500382;2,42276382;12,89899588;Mobile;
244;186;290;0,360514975;3,700665181;9,728918544;Desktop;201,645128
837;95;247;;4,172292511;13,35744968;Mobile;163,0185393
563;143;160;0,183104443;2,383265051;11,64491633;Desktop;167,9817535
562;103;36;0,14677491;1,335299592;5,648742259;Desktop;103,1776842
69;181;229;0,245167745;4,037489305;12,68408647;Desktop;177,2765586
990;118;103;0,413330743;2,564734753;7,276467886;Desktop;160,7788455
552;179;66;0,437767045;2,00571038;18,70334592;Tablet;165,0351072
838;79;222;0,111022263;2,882763902;;Desktop;147,8875357
788;186;251;0,16882425;4,879457104;6,49923237;Mobile;206,5286723
181;147;;0,41845843;2,490559347;11,71144777;Desktop;150,7135592
950;155;26;0,044817501;4,837812298;5,375727805;Desktop;153,4917926
611;12;182;0,058448419;2,012676639;11,2888954;Mobile;84,06240987
225;163;276;0,23979071;1,42217904;8,871511052;Desktop;162,5883861
601;40;207;;1,628715212;5,865644158;Tablet;120,1530296
635;187;;0,167988091;4,095126959;5,802793027;Desktop;178,2921117
670;45;195;0,034715955;3,150452466;22,17467129;Desktop;115,3579707
355;166;78;0,483933774;;10,45696141;Tablet;152,3244776
943;130;262;0,469455661;4,870833587;7,841304177;Mobile;
275;84;254;0,325950708;3,019349482;6,975407001;Tablet;136,7565678
517;179;172;0,340938207;1,468083556;12,35583051;Mobile;168,2948786
846;83;44;0,466847676;3,874060937;6,807519827;Desktop;137,5157259
123;22;123;0,321931707;1,831405456;4,526910166;Desktop;74,22179802
433;;40;0,394206215;3,326152059;9,837928015;Mobile;76,09534277
505;171;230;0,231757934;4,417515062;9,800154554;Tablet;191,786157
784;83;205;0,114001299;2,908324302;7,914825109;Mobile;140,5883655
798;165;81;0,416266076;2,257140404;5,543538603;Desktop;168,1052204
807;13;257;0,342190965;3,302186349;8,045141996;Desktop;133,6228745
390;24;229;0,144781086;1,507805165;7,651813178;Tablet;89,52673394
517;197;281;0,311637776;2,230256225;6,958179121;Mobile;
75;37;87;0,408241991;3,016571147;11,38250034;Mobile;68,18674842
831;140;56;0,135172613;2,016604654;21,13113991;Desktop;142,0277091
338;76;146;0,384076054;1,157032486;16,65882585;Tablet;116,0898947
494;105;83;0,036171694;3,340563918;19,70959735;Tablet;117,818908
698;31;223;0,312474412;2,604989459;7,161543455;Mobile;131,8247889
787;60;130;0,499466813;2,562441038;18,37344119;Desktop;131,6003127
131;154;190;0,433187369;4,987251184;11,13637908;Mobile;173,5133092
778;111;55;0,437829026;1,447136128;14,93181746;Tablet;130,5071506
407;105;30;0,340178576;1,616702551;12,28851979;Desktop;108,7175868
446;189;;0,230593564;4,50504727;;Desktop;216,1042173
;88;136;0,338607766;1,521046636;13,59748809;Mobile;108,3872778
;162;46;0,160596169;4,670491328;12,42465277;Desktop;167,6337884
502;147;244;0,276384269;3,687843445;1,159067503;Desktop;176,7806774
148;97;44;0,269839955;3,11265162;9,379378844;Mobile;94,02203842
184;65;299;0,271865175;2,113602726;14,36202093;Mobile;122,519056
735;77;118;;2,437893928;11,38710807;;122,6518195
153;175;142;0,176400915;4,30381828;12,34735485;Tablet;156,4722417
545;68;81;0,165177257;1,230018193;6,242880864;Desktop;92,61341722
712;134;30;0,112365429;4,074194428;11,28105303;Tablet;133,3466542
916;33;125;0,219273622;4,311282741;9,518286944;Tablet;118,3183447
200;75;113;0,058872827;;8,982733827;Desktop;94,78710586
331;187;137;0,450786771;1,218018659;6,60371786;Mobile;165,943369
197;112;149;0,0348419;3,970619681;14,57431177;Desktop;112,9436096
885;166;191;0,418709357;3,892655596;11,72734291;Tablet;197,5350499
612;59;26;0,120624204;1,052375504;11,22273887;Mobile;74,73791918
984;154;111;0,42660959;4,569133461;20,25392331;Desktop;187,6901954
91;197;259;0,360133097;1,528783301;12,36899585;Tablet;177,559621
720;185;285;0,460487561;4,843128688;16,00248344;Desktop;232,2237436
81;92;163;0,435116487;1,283082324;11,36466414;Desktop;111,2272065
153;139;113;0,350543762;1,952197715;8,23418156;Mobile;124,5315657
459;180;127;0,075839412;3,760968765;4,704313392;Desktop;172,3732513
398;164;235;0,27452266;1,548965258;11,20695064;Mobile;165,1861392
396;195;122;0,169914027;1,739870228;1;Mobile;165,0411148
114;15;283;0,442887818;1,044686575;11,36233538;Desktop;97,49121725
567;111;13;0,436114247;4,305920303;11,57699196;Mobile;127,6553811
373;160;183;0,157018726;1,150469203;8,912162101;Desktop;152,6823786
993;148;158;0,33584979;3,530292063;9,538168195;Desktop;188,3833789
800;39;138;0,169142414;3,329229313;3,74415241;Desktop;108,542859
462;118;145;0,339095248;3,044961042;16,9280181;Tablet;153,9214189
777;41;51;0,306935522;2,500630899;8,313745219;Desktop;87,2590049
597;27;107;0,255473976;;5,139536268;Tablet;87,8045346
520;31;109;0,439203007;4,827790099;12,72330533;Desktop;111,6217895
923;190;1013,726581;0,123025133;4,141433102;10,55378054;Tablet;215,9039129
608;61;181;0,398733332;4,690930395;8,208326077;Tablet;139,3199967
509;96;126;0,344753861;3,935591811;7,679833172;Desktop;149,6387117
588;58;157;0,140633935;4,316035685;9,971806536;Tablet;123,2046511
792;179;173;0,210842877;4,856701687;16,72907985;Desktop;188,3620962
754;178;18;0,034507085;;12,34773205;Tablet;140,064605
571;134;266;0,298788329;4,627585094;9,827958597;Tablet;188,9948078
217;646,1621885;268;0,443945473;1,172296651;14,26216938;Desktop;171,7156426
655;29;112;0,058909212;;10,13765946;Mobile;
459;199;229;0,06599923;14,5257104;12,00776138;Tablet;185,2895754
935;89;122;0,237283426;2,815893002;10,75563866;Desktop;136,6890682
913;86;24;0,140615052;2,75285232;12,94890209;Tablet;110,7169575
50;47;260;0,138464456;3,148766607;7,779279129;Tablet;105,7045518
999;176;83;0,319335067;3,153491171;4,303285682;Mobile;176,5997701
905;42;110;0,205128189;4,482258953;14,53424075;Mobile;127,5975024
911;173;174;0,422323779;2,383651251;17,52464159;Tablet;207,0095937
522;145;134;0,21445306;2,264963823;4,540594581;Mobile;146,2444976
307;156;83;0,307637741;3,807580957;10,89645837;Tablet;138,4372244
626;15;241;0,198945689;3,593907751;7,755649053;Desktop;118,4717092
888;150;110;0,128011749;4,319387936;14,41689346;Tablet;498,9097644
477;193;179;0,235666053;2,237112508;11,23322867;Desktop;172,6665997
986;84;201;0,360240213;1,025576865;26,63736143;Mobile;166,8493323
297;95;280;0,47640457;4,776254736;8,492832573;Mobile;162,478719
860;31;146;0,021083413;1,176901575;17,68646168;Tablet;89,04657026
112;103;143;0,265913474;3,720051773;18,17315323;;120,838502
847;137;274;0,317983005;2,287327967;12,6679873;Mobile;193,9133516
947;66;146;0,042860263;2,694132222;10,1854166;Mobile;133,6131578
717;150;92;0,414585512;4,35213111;10,47418849;Desktop;170,8847486
642;26;17;0,137975999;2,678317951;10,05102426;Tablet;67,94571056
440;138;100;0,437455973;1,577486112;15,66649856;Tablet;144,0030202
879;121;;0,276303481;4,01774034;5,636818515;Tablet;152,5151472
170;53;94;0,076039464;1,080846068;9,195080135;Tablet;65,07590012
326;75;164;0,369610445;2,098931954;8,589070211;Tablet;117,7938465
;55;159;0,078614251;3,152294448;1,369027894;Desktop;88,65216907
314;128;60;0,360189219;2,751054782;14,29457455;Tablet;122,8117775
547;130;141;0,40409911;3,480913356;15,31459691;Desktop;163,8543699
368;115;138;;2,525390771;6,828907832;Mobile;129,3985863
449;46;17;0,135546223;2,562338849;15,15066228;Mobile;73,97582311
269;51;88;0,218668882;2,39462904;2,081711395;Mobile;86,60357087
385;164;218;0,264010227;;10,11977252;Desktop;178,4201937
523;97;11;0,33289055;1,069186044;;Desktop;111,7997456
253;92;93;0,316962769;4,758567869;10,43874354;Desktop;114,3717876
939;68;145;0,200212165;2,432886701;10,41272585;Desktop;129,6393734
902;186;54;0,379083184;2,459531023;9,614791684;Desktop;183,8132476
882;55;195;0,385708182;3,903571392;8,061135423;;152,4171916
51;156;216;0,3481656;2,553106955;9,456470158;Tablet;
520;156;104;0,136077352;3,466579288;16,8161062;Mobile;154,7096301
3355,420177;56;72;0,234698143;4,614522716;7,10640525;;119,4313115
381;12;234;0,216378501;4,38479219;21,27670007;;117,049266
270;57;68;0,408396118;3,06146671;6,824177736;Tablet;91,74343014
631;61;48;0,40408999;3,866608512;11,20029608;Mobile;108,0351036
52;151;14;0,433040452;2,56973898;12,85603252;Desktop;113,9277743
631;110;31;0,115587891;4,104176627;8,541220473;Desktop;122,2610216
478;91;262;0,374227283;1,680733747;16,91181606;Desktop;153,0359729
699;100;280;0,435199604;1,182527126;12,72605892;Tablet;170,9276019
698;191;166;;3,162930704;;Mobile;180,226953
558;188;276;0,01996853;1,861354739;16,85632387;Desktop;194,6340732
604;14;213;0,052754274;3,914903771;4,922541097;Mobile;112,18944
75;170;124;0,303101188;1,405294035;7,172582402;;136,5949144
982;78;;0,210823935;1,033980553;12,81285216;Desktop;157,1454095
122;152;128;0,097525682;3,702813399;14,00733213;Tablet;136,8223643
977;197;288;0,264151786;3,003197752;11,61310943;;245,4283249
975;107;256;0,392761257;4,808061627;9,364038389;Tablet;200,4279953
;128;254;0,42790884;1,989942431;8,74277966;Tablet;184,3024475
758;;161;0,375860491;1,49302447;15,65700463;Tablet;147,6358535
78;24;157;0,442755697;1,092424727;11,20197325;Desktop;73,85218083
950;16;39;0,302092699;2,776989396;5,638806138;Desktop;94,8890495
;78;197;0,41853684;1,403267542;5,350488184;Desktop;141,0818108
372;;38;0,208593546;4,102573753;17,56730656;Desktop;145,996829
686;74;164;0,426239309;1,287943178;6,40619194;Desktop;132,3375122
558;91;43;0,447906594;4,683019242;11,36365534;Tablet;129,9488694
393;110;145;0,34320403;3,163415693;16,75453217;Desktop;142,0911171
355;70;235;0,215523152;3,785487796;12,71053645;Desktop;134,3468833
162;103;95;0,140836956;1,523668423;6,211787962;Desktop;97,63169065
913;125;182;0,162589736;1,358021303;4,921529524;Desktop;161,6589368
682;171;81;0,066177551;2,414735106;19,34944236;Tablet;148,9947741
;153;93;0,023580903;3,081738157;4,79417704;Desktop;124,9913893
736;165;58;0,207209023;3,302007805;7,23365383;Desktop;160,7996894
709;109;52;0,021334343;2,319153833;11,86251819;Mobile;118,3560352
182;142;114;0,440294013;2,090649181;8,905607755;Desktop;139,7681885
216;38;41;0,324979045;4,925642169;12,86902602;Desktop;76,78798212
269;38;268;0,421833623;2,09064768;2,661139373;Mobile;117,1051966
;185;223;0,22220833;1,551699633;8,94800308;Tablet;158,4423217
831;124;70;0,111976472;2,437838658;13,38844374;Tablet;129,7197179
197;31;266;;2,215485258;13,40536539;Mobile;98,63233005
820;87;112;0,42736656;2,686940804;7,137733618;Tablet;149,2075872
552;194;161;;3,494854945;4,891449777;Mobile;178,3097705
160;14;211;0,349132917;3,412591733;11,06856554;Desktop;102,3671382
852;94;232;0,112845121;3,793159542;3,437686772;Mobile;160,1313026
214;169;7;0,17658494;1,626740282;16,42135298;Desktop;115,3611698
999;189;88;0,001523376;1,183777456;10,78704382;Desktop;164,168726
63;80;104;0,239544385;4,163239199;6,515942119;Mobile;95,65878952
641;183;177;1,677047199;1,868610558;4,727492963;Mobile;166,0249313
347;146;262;0,429823704;2,262660016;6,834716671;Tablet;168,5112705
556;87;134;0,04886396;2,822718858;2,190344662;Tablet;109,0111703
847;158;141;0,125184269;3,865225473;12,47389535;Mobile;176,8091058
797;162;30;0,007399203;1,65433772;5,985767045;Mobile;132,4066941
317;62;160;0,496438689;;11,99835881;Mobile;125,4204515
110;27;148;0,320718864;2,286109337;12,68772859;Mobile;79,38461559
319;158;192;0,321788411;4,930650771;14,82998616;;167,8316811
818;25;254;0,259430424;2,141650252;11,25923798;Mobile;129,4108766
539;157;172;0,43402775;3,902612063;15,62617186;Mobile;186,8674422
770;77;20;0,072094042;2,506676448;16,93055217;Mobile;103,503937
519;143;246;0,396425928;4,346350943;11,29107585;Desktop;191,914994
553;125;145;0,403561738;2,84962637;11,59263287;Tablet;154,4745707
111;17;148;0,018064179;4,482127544;7,212631005;Desktop;64,56641529
71;11;262;0,066338475;4,015754501;5,061876497;Tablet;84,94009012
718;129;178;0,27357445;3,344114383;16,41037255;Tablet;176,3076478
242;107;238;0,04509576;1,999959719;13,02871856;Tablet;128,1227895
392;18;264;0,141183113;2,039470876;13,43414528;Mobile;99,46551521
401;195;150;0,201836555;4,965688366;7,046451966;Tablet;185,9933786
651;55;294;0,078608779;4,701551988;18,11960752;Desktop;148,3487809
944;173;55;0,352073344;1,553673559;8,856930377;Mobile;172,0866928
769;32;262;0,247530665;1,816258064;5,990796436;Mobile;127,6733175
656;54;255;0,31990822;1,427257545;7,131629374;Tablet;132,5701729
843;;34;0,237149764;1,805351194;17,85595808;Mobile;131,5998413
534;;50;0,206242198;2,160950313;4,44476187;Desktop;103,5095892
188;124;15;0,246194527;4,350507727;6,24438745;Tablet;111,4797124
514;42;86;0,449757384;;24,49254659;Tablet;93,35700395
979;60;297;0,198019414;4,528482264;14,70518868;Mobile;162,8378386
790;60;41;0,321131298;4,887720526;6,334720773;Desktop;113,9555925
382;93;14;0,416981258;2,126960274;4,592763207;Tablet;100,1629101
357;185;140;0,310543825;2,824935383;1,636514033;Desktop;168,6729157
922;97;109;0,11303219;3,117313494;10,48557073;Desktop;142,3867563
139;199;190;0,060979841;1,822757331;13,64010177;Mobile;162,0168801
936;57;183;0,295438565;3,926305516;17,59399105;Tablet;140,3292801
693;56;248;0,363697646;3,319995198;1;Mobile;149,0223762
817;29;127;0,384368575;1,44870942;3,373092487;Desktop;111,192005
362;50;141;0,346901099;4,583929251;9,402247112;Desktop;113,599539
666;69;11;0,001727112;2,208770768;23,93835028;Desktop;86,03625192
359;82;291;0,386920147;1,624989267;14,42951251;Desktop;136,4013009
66;145;67;0,302311345;4,927417607;;Tablet;125,1879802
481;94;180;0,494090691;1,411635988;3,875382047;Tablet;146,0304877
980;140;264;0,38229364;1,238786739;1;Mobile;195,8100741
280;26;183;0,21510358;1,950212027;;Mobile;96,24118357
203;189;189;0,33807498;2,27705967;9,503152554;Desktop;165,2972505
925;;56;0,307967867;2,735210665;;Desktop;
914;16;214;0,168696739;3,740680872;8,097831662;Tablet;121,3944964
854;90;61;;2,462853537;6,258229898;Desktop;130,4904992
977;133;209;0,10219049;3,237334443;5,111789365;Desktop;177,4804636
991;54;175;0,043915086;1,023245703;16,94753899;Mobile;121,1351275
922;40;149;0,366512222;2,539598727;5,567358517;Tablet;130,4580571
966;170;217;0,192064347;4,779874702;8,619259706;Mobile;207,9977505
757;166;217;0,377856661;4,099386823;9,804609471;Desktop;208,6257601
348;152;65;0,244168509;3,963202276;13,53140168;Desktop;138,4482082
485;51;115;0,404894687;2,218063906;5,740848294;Mobile;105,5493884
411;111;147;0,369804411;2,952704693;14,89034011;Desktop;126,966921
534;141;49;;4,378094009;7,101668192;Desktop;147,0172347
713;92;110;0,214665744;4,520622679;9,190514154;Mobile;144,223162
279;44;17;0,48058963;3,842172117;18,21549293;Mobile;87,88527731
65;167;134;0,202627291;2,826165724;5,153861435;Mobile;142,7603074
;188;65;0,396571879;1,292660181;13,60452356;Tablet;166,0189356
994;41;70;0,244794403;1,477413234;15,02305434;Mobile;113,7104643
868;143;246;0,117542832;1,001171687;11,54948901;;177,5801425
60;178;46;;;9,412345889;Tablet;126,747578
618;112;40;0,23455471;1,093535854;20,62852018;Desktop;118,4339712
554;19;99;0,132034931;2,740087163;9,930773028;Tablet;82,90825147
453;141;11;0,19126584;3,390166493;11,0203875;Mobile;126,1141193
685;185;261;0,079968669;3,383520562;8,317366131;Mobile;198,6831034
455;59;296;0,493522707;3,221190073;10,75540929;Tablet;154,7149875
918;36;242;0,32159186;1,904683443;14,82058989;Desktop;146,3516935
912;57;240;0,086772424;3,076755607;8,623473295;Tablet;145,0724965
661;164;34;0,382294168;4,919343722;1;Tablet;158,2726143
485;115;168;0,300939249;2,778471148;12,56785091;Mobile;142,4022847
617;13;30;0,361275603;4,497966745;4,608327794;Mobile;80,98811994
905;121;93;;2,525621765;13,70938221;Tablet;149,1895893
335;164;150;0,03023361;3,492177751;9,993376341;Mobile;138,1654854
875;45;206;0,101619866;2,927355626;14,71554552;;138,0922136
611;120;86;0,384372166;3,754489905;5,25828116;Mobile;141,8854479
110;53;80;0,377175166;4,589511358;7,323893981;Mobile;86,51896295
762;13;247;0,376937666;2,763602997;8,29981987;Mobile;117,786338
242;86;71;0,007607359;4,029597833;2,588588987;Mobile;94,41936092
539;157;148;0,402575396;;15,55710104;Tablet;178,9309486
952;137;89;0,219564097;4,158178185;1,872885419;Mobile;164,1018163
790;29;256;0,346830726;1,098223996;15,48656809;Tablet;128,0913063
714;45;162;0,136039839;1,000758614;12,12199239;Tablet;106,5570062
116;112;;0,384764318;4,531838707;9,005663338;Desktop;109,3978682
866;70;1013,726581;0,491140884;3,917253649;11,72558074;Desktop;123,2713652
368;73;291;0,126769375;4,832528129;11,58866644;Desktop;138,3022964
97;92;282;0,39209882;2,169929576;7,997860442;Tablet;131,7870176
961;154;231;0,302475227;4,151873011;11,49074907;Tablet;
231;119;27;0,136547908;4,206088308;13,65591664;Tablet;110,3235238
357;172;220;0,147178522;4,429305959;5,276586501;Mobile;185,2121427
185;29;199;0,365818836;3,768111655;11,73097476;;93,68012546
640;98;282;;1,55323197;1;Mobile;155,4761598
874;114;148;0,023896784;3,723770958;1;Desktop;147,138338
543;154;143;0,43698015;3,417934779;12,82263326;Mobile;187,5882351
875;107;191;0,294474627;2,33468837;7,910853841;Desktop;169,5560292
939;184;48;0,379236816;1,834453967;;Tablet;185,7668686
878;169;224;0,301611869;4,540399777;9,734872632;Tablet;215,9682787
204;140;151;0,258228718;1,56778598;8,020241726;Tablet;133,8618309
245;85;60;0,384991191;2,688791587;5,056961011;Desktop;97,93629871
334;71;245;0,016078165;3,491194091;1,80475494;Desktop;116,6437501
656;111;83;0,155943244;4,887185726;1;Mobile;133,2325654
869;98;258;0,313734363;3,68390541;13,69396193;Tablet;182,6135197
347;15;85;0,471987347;2,219512796;7,887502238;Tablet;85,13769557
682;53;149;0,196825362;1,242647737;14,84774657;Mobile;106,1552422
227;168;133;0,487645453;2,270812491;7,836749177;Desktop;154,858266
565;97;221;0,377640931;2,171146237;11,77484976;Desktop;144,4477457
790;190;59;0,242448225;4,276317927;9,372977794;Desktop;181,964757
425;56;77;0,214579203;2,506338218;10,22223364;Tablet;95,07921201
205;193;61;0,064721259;1,393793332;10,46518405;Mobile;136,5981846
440;163;73;0,30759707;4,479909851;7,771466216;Tablet;163,5487431
;78;138;0,026176834;1,072217067;3,851892436;Desktop;114,4321493
938;125;177;0,214537163;1,012037582;13,83065873;Desktop;162,4210551
635;197;259;0,118854381;2,899012974;17,96773396;Mobile;210,6958186
687;130;129;0,478143048;1,27688116;18,29607705;Mobile;151,7208596
448;187;125;0,181631978;1,708407584;7,233650445;Mobile;157,0427772
932;30;52;0,244626864;4,941138328;6,33414621;Tablet;118,1246899
876;41;34;0,187746551;4,377460012;7,228587761;Mobile;97,72445876
973;10;229;0,068604901;4,056150704;9,120812989;Desktop;123,9007892
870;71;191;0,176291023;3,683172213;9,737695179;Tablet;148,5608348
569;159;161;0,38949942;1,191261796;5,010357709;Mobile;166,4958085
962;;136;0,310597838;4,343634847;;;215,0552857
629;113;158;0,218707501;2,884753318;10,24971153;Mobile;153,5625037
621;90;254;0,410285335;1,393279896;1;Mobile;156,8289878
673;;60;0,002074374;2,203004045;9,496715903;Mobile;157,6687242
226;121;;0,4133004;3,007872479;5,276261958;Mobile;133,7886313
847;112;76;0,029767791;1,05477839;13,90077263;Desktop;120,9146626
394;26;35;0,435135954;2,009677892;15,23817439;Mobile;85,05496052
676;50;209;0,473786023;2,343694515;15,3562288;Desktop;147,2580487
852;142;212;0,40958475;;8,267765594;Desktop;185,1971447
158;646,1621885;256;0,009796885;1,007926422;4,32427994;Mobile;135,9980923
335;104;11;0,263103982;3,261770481;5,927038416;Mobile;101,6871285
945;143;57;0,414398141;1,790534843;11,43805342;Mobile;163,0490152
393;141;174;0,272508181;3,389002123;1,770677625;Mobile;162,0677007
;22;244;0,179968353;1,956601228;16,96774745;Desktop;123,323994
583;168;282;0,235347713;2,610873766;8,346849841;Tablet;195,3935204
876;141;237;0,040346955;3,494520797;12,50086836;Desktop;188,0499676
534;;271;0,248156822;3,626290426;1,092869431;Desktop;140,2895606
453;50;245;0,013923414;1,122382772;5,370089871;Mobile;103,3894397
65;192;98;0,322057724;3,140298192;1;Mobile;142,2635863
500;58;176;0,195226127;4,266566677;15,10594747;Mobile;126,8971026
605;16;;0,09567149;1,825692182;9,198976301;Desktop;94,50790162
704;15;108;0,008691451;;12,85652477;Tablet;83,60794391
791;53;266;0,461059507;2,79045857;10,31706841;Mobile;152,3806455
787;129;232;0,278159514;4,399739632;12,34237527;Tablet;197,1865977
486;96;157;0,323476693;2,755052299;8,312790698;Desktop;135,2427346
124;149;146;0,389678857;4,775362042;8,982272053;Desktop;148,4521024
291;54;238;0,313295211;;9,541337906;Desktop;117,3058611
436;53;70;0,206552017;3,245532886;12,02815827;Tablet;93,4454431
980;86;69;0,313794102;2,167678164;12,16059211;Tablet;137,0804038
781;160;123;0,12625829;3,386102458;24,05718442;Tablet;166,9840944
899;105;42;0,280675817;1,52498569;18,40801064;Desktop;131,6626462
992;154;140;0,102793651;2,664976382;1,106206071;Mobile;176,5132168
176;27;132;0,458711403;2,137711783;9,28447261;Desktop;83,95220241
61;87;154;0,254783839;3,681106014;7,970520799;Tablet;105,7850685
595;93;141;0,11692014;;16,4006524;Mobile;137,0227716
301;22;269;0,319816263;4,714515419;8,421260187;Desktop;124,4436728
875;69;85;0,045159802;1,888403083;12,32144439;Desktop;111,0205501
491;;126;0,217009509;4,539002793;1;Desktop;110,72683
58;96;222;0,432982309;4,383805941;2,431995943;Tablet;132,4561823
261;41;89;0,383929251;4,4497263;20,4614659;Desktop;95,22386021
374;;198;0,351719763;3,961903446;10,25122199;Mobile;131,8684832
75;192;288;0,235301671;2,070885774;5,007699883;Mobile;185,1721468
351;37;;0,223439559;4,5114887;11,21435436;Desktop;96,82276605
562;165;76;0,005654814;3,398193848;4,734705233;Tablet;141,2949096
898;113;61;0,300018973;3,962446815;8,583132291;Desktop;145,250459
666;24;8;0,288504166;1,821029424;2,736910304;Tablet;70,61971228
138;86;88;0,00263951;1,629642142;6,056393911;Mobile;76,34890567
445;107;255;0,06852177;2,10740654;7,918316553;Mobile;147,0414293
780;62;80;0,006218078;3,045483107;15,60349657;Tablet;100,7000971
401;60;286;0,126589473;2,666500384;12,32023004;Desktop;126,1607522
584;145;286;0,001926561;4,550432144;13,19262018;Tablet;193,3427063
986;16;206;0,208684629;1,052074013;9,871126743;Tablet;122,9378254
180;186;294;0,238196561;1,320193572;14,11424549;Mobile;176,3083182
503;71;125;0,21854083;2,301639441;5,632403653;Tablet;115,9922386
629;82;287;0,099694603;1,67092893;6,336470275;Desktop;138,2136131
808;34;165;0,261779615;2,627002465;12,03795536;Desktop;115,657495
845;177;28;0,407047311;3,870372402;8,60426305;Desktop;175,3134364
322;52;250;0,145607625;4,973671487;9,930770758;Mobile;124,8538577
493;162;285;;1,808298989;9,17932361;Tablet;498,9097644
838;72;266;0,271412921;2,063898538;16,26725207;Desktop;157,1492306
846;;127;0,116877196;4,074954598;16,52776466;Mobile;106,645046
832;87;;0,168893164;2,088198829;6,869171197;Mobile;109,6633651
684;109;177;0,226218612;3,814999891;1,200653266;Tablet;156,4771085
304;99;261;0,193151201;3,333956193;6,442515496;Tablet;144,2664268
399;197;253;0,409116152;4,419576395;5,515199267;Desktop;
673;108;187;0,42449678;1,1333471;14,1587417;Tablet;155,7724997
291;158;236;0,201439237;4,91898784;14,60248738;Desktop;177,3574267
697;80;14;0,223893275;4,857002678;4,844629085;Tablet;110,0445921
539;37;188;0,478447063;1,089551179;6,227476207;Mobile;110,918646
470;104;37;0,251543756;2,998037687;2,604944564;Mobile;108,726267
387;116;226;0,496516026;2,60570442;10,67189262;Tablet;160,2469203
785;89;18;0,381401386;2,016652605;9,775417863;Tablet;126,2756647
492;155;180;0,13211611;4,911303685;13,94560909;Desktop;181,108157
341;193;284;0,114546333;1,698401867;12,48565647;Tablet;172,1876982
414;25;38;0,079532244;2,054217969;13,05101486;Desktop;58,79367552
510;22;130;0,403072863;1,032891894;2,289989801;Tablet;92,82185845
636;;;0,153431021;3,320892513;6,868369817;Desktop;90,08246671
990;121;216;0,337896255;4,443194556;14,74448652;Tablet;198,4256846
373;18;277;0,270068075;3,487651743;7,307119408;Desktop;122,9932128
219;46;5;0,412998651;3,606428904;1,862170628;Desktop;66,9590842
979;87;166;0,375408717;1,265281478;14,0399479;Mobile;152,8196475
190;81;238;0,031874462;3,859228876;7,113675025;Mobile;128,9849709
908;170;12;0,169213805;2,636017675;15,31318497;Mobile;149,7832706
185;113;147;0,260049356;2,894849851;9,907926396;Mobile;123,041348
395;175;43;0,401819456;3,340062278;8,613902785;Desktop;151,2606881
998;154;277;0,357013769;4,901457455;16,81595446;Mobile;231,5990349
3355,420177;88;155;0,274701975;3,992733023;3,486721904;Desktop;125,3536658
201;195;158;0,40418767;3,735708359;17,1711059;Mobile;180,5666727
628;170;299;0,217464238;2,727572139;6,803220022;Mobile;201,5524411
230;103;;0,027829787;1,137802066;10,8118493;Tablet;109,9659454
73;171;97;0,435267864;3,154738689;10,85910098;Mobile;154,2880094
710;58;190;0,263296676;3,643524922;7,864400882;Desktop;132,9030669
961;49;92;0,404201544;3,816758739;;Mobile;
771;160;158;0,196040859;3,431524333;8,150889055;Mobile;182,7827525
966;159;244;0,294276126;2,2014681;4,927186581;Mobile;203,8018638
550;52;284;0,165546503;1,884125607;19,80980321;Mobile;134,9981432
633;153;285;0,204787487;1,360376087;7,594345147;Mobile;185,96774
983;106;151;0,073699111;3,811325492;15,79473627;Desktop;157,6899919
528;116;269;0,370801783;4,883143765;15,13586479;Mobile;184,2216081
86;170;268;0,140142153;3,100089859;11,81464869;Tablet;160,9751581
276;40;166;0,150865572;3,692730661;9,32160483;Desktop;93,19419175
639;86;15;0,177094481;3,77041001;10,96890924;Desktop;112,1739003
864;65;40;0,216063058;1,645768423;12,86084884;Tablet;99,52487965
626;115;198;0,288081956;1,767205675;10,5023423;Tablet;149,11398
435;40;249;0,341403316;1,832708921;2,166255047;Desktop;113,6022145
355;32;273;0,337844754;4,731366135;1;Tablet;129,7659714
699;142;76;0,211840458;1,062320242;17,54494112;Desktop;145,8207625
904;20;270;0,240945334;3,164675092;;Tablet;139,9064421
314;89;248;0,070160259;2,508710489;10,97842577;Tablet;116,0645951
575;197;148;0,260753041;3,637401345;8,825109928;Tablet;192,2002948
456;199;115;0,438528351;1,881968659;10,80400573;Desktop;175,5062111
284;43;144;0,230224941;4,844683279;4,300166294;Desktop;103,2115918
435;186;204;0,469006797;2,324861337;11,75338744;Desktop;191,0524844
133;;244;0,07789177;4,703707126;11,03008217;Tablet;116,1638496
553;47;55;0,36845473;3,356801428;23,80505874;Tablet;99,37989153
151;;103;0,353994455;2,657844396;10,64990023;Mobile;110,4965843
500;102;40;0,340764477;3,935542093;16,74117553;Mobile;123,9286266
902;81;281;0,3314286;;2,506571623;Tablet;170,2533554
188;91;125;0,011154137;1,554330104;15,10047659;Desktop;84,11555575
287;28;78;0,371061126;3,817956799;11,13136651;;
734;60;64;0,249842137;3,317975649;11,34869342;Tablet;115,261052
911;47;26;0,262093095;3,262579943;11,41784272;Mobile;107,7096277
957;187;144;0,02543632;3,952583121;18,53169086;Mobile;189,7940365
164;103;232;0,094190564;3,61392075;11,27552233;Tablet;126,3063345
;113;100;0,455503454;2,464970254;6,079389754;Tablet;122,6455168
984;93;124;0,157764168;2,273955079;6,920309804;Tablet;144,9019894
530;178;192;0,19694011;2,003275425;14,08563747;Tablet;171,0467021
841;161;109;0,09460176;3,300581722;12,23727729;Tablet;171,2269269
63;141;223;0,316095391;2,199551037;2,34763169;Tablet;148,4718037
3355,420177;69;99;0,370350438;1,481673167;12,57320912;Tablet;95,67184355
244;;136;0,460630921;4,130789969;4,588288216;Desktop;122,8600901
131;646,1621885;294;0,281031807;1,836528969;12,1912901;Tablet;186,5166421
896;186;251;0,13781534;1,659507967;5,972229807;;196,4421239
813;63;173;0,035481657;4,396003891;8,592591327;Desktop;134,4140033
420;73;120;0,133054719;3,808512035;7,275957711;Mobile;108,5002589
124;72;297;0,309182271;4,064627863;17,59456492;Tablet;137,2754407
150;158;141;0,487051784;2,401442184;12,00923875;Desktop;159,0718453
299;190;106;0,039598909;3,469744831;16,30556501;Mobile;151,3525478
740;178;180;0,194183219;4,728777001;24,47606282;Desktop;195,1534077
811;169;127;0,333617855;2,13078905;10,23402671;Mobile;184,4285215
562;76;267;0,287285472;1,275848382;17,50995093;Mobile;139,9690472
912;70;67;0,325846302;1,683512236;6,502721672;Desktop;116,4626823
931;178;19;0,231604236;4,589865129;16,27439055;Desktop;169,871206
779;85;131;0,133518353;2,126124329;5,962455763;Desktop;121,4519047
124;50;284;0,241376132;2,965011627;9,907924342;Mobile;112,2127105
895;170;23;0,190768065;3,138275736;12,68438828;Tablet;163,9534584
912;101;243;0,354648766;4,8400545;13,47115615;Mobile;182,8844649
581;26;5;0,085812411;2,205916061;3,637241789;Tablet;49,44473066
619;180;169;0,248073966;3,085565164;5,664890381;Mobile;184,6641622
790;65;138;0,47953128;4,832497314;13,05725039;Mobile;145,8750191
612;68;52;0,265896979;;8,161417184;;98,05655247
376;110;225;0,118604737;3,391541207;3,013257456;Tablet;148,4013485
712;61;56;0,467925148;1,254427024;9,645116327;Tablet;108,2906279
795;167;133;0,122078693;2,051900715;;Desktop;174,7020581
184;;169;0,375590069;1,276859758;10,88457491;Mobile;139,4115254
695;117;157;0,05476563;2,320610991;12,6462066;Tablet;145,2907395
214;48;14;0,426044805;;12,3282568;Mobile;66,42660592
596;103;136;0,090287294;4,193662891;6,159134527;Desktop;135,1370459
152;61;198;0,197089734;2,853581796;7,945857656;Tablet;97,95214144
992;192;160;0,482810167;2,620000855;14,63894347;Desktop;212,2334115
684;160;220;0,289697364;3,76929251;7,284075665;Tablet;191,1364062
496;32;233;0,131997968;4,788797261;8,024539707;Tablet;112,1036684
528;646,1621885;57;0,000313584;2,206173572;2,478654599;Tablet;104,8912124
638;158;242;0,003394612;1,267004189;9,856597649;Desktop;165,2766114
168;;268;0,13729384;1,439120669;11,72635232;Tablet;132,9058302
534;34;252;0,263427397;4,428860095;1;Mobile;122,9497154
;36;256;0,242445634;4,383419965;;Mobile;143,7129179
297;149;67;0,460940816;2,901461628;2,891361323;Mobile;149,0815534
505;109;197;0,382047057;1,590571853;13,94176119;Mobile;155,0320538
363;113;140;0,462367818;3,105957506;1;Mobile;150,9177111
202;61;295;0,255889094;3,673687561;9,606577014;Tablet;131,9357052
979;60;250;0,223333206;2,328945961;13,58931077;Desktop;151,3586819
613;87;52;0,283044149;1,330072115;10,93910825;Desktop;108,8843965
422;113;282;0,186073044;2,287766567;7,800206683;Desktop;154,3314068
371;99;210;0,105405746;3,762295866;11,73234193;Desktop;126,6028151
695;177;165;0,418330279;4,913470755;15,1848665;Desktop;207,348852
152;45;1013,726581;0,340265792;1,760360584;9,461941947;Mobile;82,8892773
588;99;150;0,162829046;4,658222991;1;Tablet;133,0958034
268;54;;0,223140619;2,826491647;15,73866396;Tablet;111,1219443
895;11;230;0,112723917;3,652872502;12,00132328;Mobile;120,2923899
795;88;167;0,281419528;;9,834618175;Mobile;154,5375795
769;;297;0,179179072;3,229841653;59,38535326;Mobile;133,1773868
188;80;73;0,437787659;1,245845536;;Desktop;99,81455504
126;130;130;0,26418147;2,063114688;5,62261385;Tablet;114,9442059
;81;181;0,205865319;4,21162291;3,918603685;Tablet;131,93252
387;138;53;0,374809882;3,211567344;9,317752846;Tablet;498,9097644
738;66;152;0,452550645;2,316297043;7,320165573;Desktop;141,5218753
726;86;251;0,408709549;3,333206903;7,649505987;Tablet;164,559192
427;176;204;0,247458548;2,074280425;13,69813183;Mobile;172,5449935
203;56;214;0,178221669;1,964041199;11,2778607;Tablet;106,0575523
358;105;52;0,331064672;4,313572096;7,522425884;Mobile;126,2972108
528;146;47;0,408434022;2,600270425;6,888093896;Tablet;150,2749803
290;78;135;0,489319789;2,095955787;7,725707148;Mobile;108,0027736
351;67;100;0,228625618;2,636705728;8,762778849;Tablet;98,95565794
278;142;;0,334120072;4,682533316;12,92025092;Desktop;129,06128
111;24;168;0,146551627;1,723154762;4,787199352;Desktop;67,31594435
621;60;227;0,043731648;1,740917391;17,29219609;Mobile;119,4032295
997;87;220;0,126528864;2,415059465;12,92385996;Mobile;163,4729962
;51;;0,007245067;1,24175514;1;Tablet;92,06397519
932;112;235;0,254713799;1,299684904;10,42674617;Mobile;174,3613552
675;127;117;;1,043914336;15,20368322;Mobile;137,7534138
760;193;50;0,339137405;1,584748332;11,94352954;Desktop;181,9279188
110;124;144;0,307657017;3,561549517;7,938295201;Tablet;128,2813137
240;122;68;0,083933217;1,785704542;9,694541102;Desktop;92,6148306
720;147;203;0,336910797;2,511159858;10,89159974;Mobile;179,2642791
989;49;224;0,093700112;3,822341345;13,84794127;Mobile;144,2201952
912;99;219;0,002976572;1,127292647;2,924525759;Tablet;151,4936649
649;168;39;0,485096331;1,83623566;6,974908234;Mobile;
153;43;107;0,013492524;4,983552854;18,19289064;Desktop;80,41782988
967;65;151;0,170874538;3,387847203;10,16473612;Tablet;130,1632152
352;51;295;0,31875562;3,639918601;17,63951068;Desktop;143,4084146
90;192;166;0,185187269;3,064192032;24,92796519;Mobile;161,1147172
779;77;197;0,190604577;4,86356985;7,539825966;Tablet;150,0492804
214;71;105;0,36136377;1,577188081;4,013594293;Tablet;104,2137505
336;164;92;0,301076967;1,269491164;8,672346446;Desktop;144,8180742
693;182;239;0,259188723;4,26466467;15,49496359;Tablet;204,0830465
967;10;251;0,443158367;1,016385478;16,19447936;Tablet;131,8623348
911;177;21;0,054056823;3,246247219;21,35988743;Tablet;173,0016637
205;144;163;0,234883771;1,005649549;9,815972403;Desktop;142,4981175
216;;234;0,119533371;2,392978581;12,44028258;Mobile;168,4004054
818;26;51;0,018403924;3,603545877;;Tablet;74,44680008
351;;195;0,489516851;3,189305469;1;Tablet;112,2331213
124;73;144;0,367013414;3,239449208;9,801736512;Tablet;103,8521646
608;171;154;0,108092758;1,629384782;4,231228731;Desktop;167,2922744
674;104;180;0,201217128;2,178930808;13,21678602;Tablet;
999;147;262;0,113012122;3,840116454;1;Mobile;203,2453361
512;56;30;0,342427643;1,093188653;6,303335546;Mobile;79,61624584
809;73;64;0,175223536;3,381133206;11,33839602;Desktop;114,7342809
557;176;106;0,459931291;3,068262447;11,86181084;Tablet;179,685041
927;103;241;;2,375828861;9,762803763;Mobile;157,499813
513;158;179;0,174913092;2,339101239;19,33672584;Mobile;174,6869236
691;646,1621885;60;0,465907243;4,195788871;17,84731818;Tablet;152,972931
965;43;11;0,442340377;2,527987451;6,578362535;Desktop;101,9490412
883;189;297;;1,31943876;18,04704834;Tablet;216,9068211
430;189;45;0,241534339;;18,81100724;Desktop;169,6583121
531;158;14;0,441852492;1,521477049;9,38048813;Desktop;137,3695448
613;99;124;0,33531728;4,18981532;10,22701561;Mobile;138,3302961
167;91;168;0,318639841;1,055773335;9,746392234;Tablet;105,0236034
271;66;81;0,330279285;2,457593687;6,775003059;Mobile;87,07933514
724;132;54;0,460490567;3,060722187;7,271661602;Desktop;153,5962036
118;68;30;0,25858692;1,119129936;16,59661286;Desktop;65,73472639
621;45;125;0,09088993;3,93634651;12,18688072;Tablet;106,1240802
510;21;285;0,236361877;2,042325965;7,229052265;Tablet;117,576976
511;90;48;0,364444151;3,16467382;5,370019638;Tablet;118,8541401
853;;173;0,246067157;4,16931053;6,209448007;Mobile;190,9711352
311;160;62;0,156631362;3,364455272;9,18072389;Mobile;129,8308932
801;171;203;0,333164956;;14,56584944;Tablet;199,1585686
794;125;22;0,225114876;2,344449448;5,699594153;Tablet;129,8730004
992;174;64;0,481410131;1,180420916;;Desktop;182,0882225
829;158;7;0,176070275;4,652084011;10,98478374;Tablet;151,4538475
531;;196;0,358743462;3,367725848;10,71420971;Mobile;186,3083098
395;106;217;0,277535995;3,526142213;15,12898074;Desktop;143,2785425
792;26;;0,038782387;2,762049911;14,21679359;;78,56912495
931;82;138;0,234878959;2,490848624;2,977410537;Tablet;145,2911388
316;170;91;0,014581871;1,186618963;4,579931771;Tablet;120,4636068
401;;18;0,394915852;1,675966513;8,852417507;Mobile;133,4120821
